,Algorithm,Embedding,Weighted F1 Test
71,MLP,better-pca,0.92621715188508
70,MLP,better-no-pca,0.924259693474862
68,MLP,faster-no-pca,0.919932461111372
67,MLP,tf-idf,0.91870683814117
66,MLP,word2vec,0.915832687949033
69,MLP,faster-pca,0.914451570005218
65,MLP,fasttext,0.913886206174519
64,MLP,glove,0.898981487946505
